,City,Lat,Lng,Max Temp,Humidity,Cloudiness,Wind Speed,Country,Date
0,ayan,56.45,138.17,56.39,60,0,3.94,RU,1600824633
1,karachi,24.91,67.08,80.6,88,20,3.36,PK,1600824634
2,bontang,0.13,117.5,75.27,90,100,3.2,ID,1600824377
3,grand gaube,-20.01,57.66,66.0,75,1,3.0,MU,1600824634
4,bosaso,11.28,49.18,87.84,60,100,0.76,SO,1600824634
5,cape town,-33.93,18.42,57.99,87,11,12.75,ZA,1600824555
6,moree,-29.47,149.85,73.4,27,0,10.29,AU,1600824634
7,kabompo,-13.59,24.2,66.7,38,0,8.39,ZM,1600824635
8,sitka,57.05,-135.33,57.2,58,90,17.22,US,1600824635
9,hobart,-42.88,147.33,59.0,47,75,17.22,AU,1600824446
10,albany,42.6,-73.97,57.0,45,0,6.71,US,1600824479
11,castro,-24.79,-50.01,49.05,94,22,8.16,BR,1600824635
12,san patricio,19.22,-104.7,80.6,83,75,9.17,MX,1600824636
13,barrow,71.29,-156.79,33.8,80,90,13.87,US,1600824497
14,bluff,-46.6,168.33,59.0,75,23,5.01,NZ,1600824636
15,kibala,9.11,18.35,75.2,94,20,6.33,TD,1600824636
16,alvand,36.32,49.17,48.83,93,24,3.27,IR,1600824637
17,mount isa,-20.73,139.5,78.8,29,5,10.29,AU,1600824637
18,cabo san lucas,22.89,-109.91,87.01,78,20,16.11,MX,1600824589
19,qaanaaq,77.48,-69.36,12.52,80,3,9.24,GL,1600824637
20,horasan,40.05,42.17,49.86,80,0,1.05,TR,1600824637
21,san rafael,-34.62,-68.33,65.26,26,100,6.85,AR,1600824606
22,lishui,28.46,119.91,66.4,88,100,2.17,CN,1600824637
23,nedjo,9.5,35.5,58.24,94,84,0.54,ET,1600824638
24,nome,64.5,-165.41,48.2,61,75,10.29,US,1600824594
25,buraydah,26.33,43.98,73.4,35,0,5.82,SA,1600824638
26,whitehorse,60.72,-135.05,51.8,53,90,5.82,CA,1600824609
27,komsomolskiy,40.43,71.72,59.0,47,5,4.7,UZ,1600824638
28,ribeira grande,38.52,-28.7,68.92,85,100,25.72,PT,1600824638
29,sisimiut,66.94,-53.67,29.91,92,0,5.75,GL,1600824638
31,saint george,37.1,-113.58,91.4,14,1,10.29,US,1600824537
32,mataura,-46.19,168.86,59.0,75,87,5.01,NZ,1600824639
33,atuona,-9.8,-139.03,78.55,72,0,18.75,PF,1600824639
34,rikitea,-23.12,-134.97,72.84,75,100,18.01,PF,1600824639
35,mahebourg,-20.41,57.7,64.4,82,20,3.36,MU,1600824639
36,hukuntsi,-24.0,21.75,60.12,64,35,17.58,BW,1600824640
37,georgetown,5.41,100.34,82.4,83,20,4.7,MY,1600824640
38,cherskiy,68.75,161.3,39.76,90,99,2.86,RU,1600824640
39,port alfred,-33.59,26.89,57.63,67,0,4.09,ZA,1600824640
40,leningradskiy,69.38,178.42,39.87,88,100,20.07,RU,1600824641
41,santa fe,-31.63,-60.7,55.0,56,16,7.7,AR,1600824641
42,tiksi,71.69,128.87,47.59,60,33,20.36,RU,1600824641
43,tuktoyaktuk,69.45,-133.04,39.2,86,90,4.7,CA,1600824641
44,nikolskoye,59.7,30.79,51.01,93,75,2.24,RU,1600824641
46,vanimo,-2.67,141.3,87.53,57,100,6.4,PG,1600824642
47,liverpool,53.41,-2.98,59.0,66,100,9.44,GB,1600824368
48,auki,-8.77,160.7,84.22,72,89,3.36,SB,1600824642
49,thompson,55.74,-97.86,51.8,62,75,11.41,CA,1600824642
50,klaksvik,62.23,-6.59,39.2,93,96,2.24,FO,1600824642
51,fez,34.04,-5.0,69.8,60,100,4.7,MA,1600824642
52,saint-philippe,-21.36,55.77,66.2,52,68,8.05,RE,1600824643
53,nyamuswa,-1.9,34.02,66.24,71,17,6.55,TZ,1600824643
54,craigieburn,-37.6,144.95,55.4,81,75,12.75,AU,1600824643
55,busselton,-33.65,115.33,64.0,58,0,6.04,AU,1600824643
56,leh,34.17,77.58,50.07,44,1,5.21,IN,1600824644
57,kruisfontein,-34.0,24.73,48.11,76,0,3.31,ZA,1600824644
58,same,-4.07,37.73,63.97,84,0,0.47,TZ,1600824644
59,longyearbyen,78.22,15.64,33.8,69,40,4.7,SJ,1600824644
60,naze,28.37,129.48,84.2,79,75,17.22,JP,1600824644
61,yerbogachen,61.28,108.01,49.78,72,0,4.63,RU,1600824644
62,jumla,29.27,82.18,62.04,69,100,1.7,NP,1600824645
63,yellowknife,62.46,-114.35,51.01,87,20,8.05,CA,1600824609
64,hermanus,-34.42,19.23,52.0,93,45,1.01,ZA,1600824645
65,naryan-mar,67.67,53.09,38.39,95,50,6.06,RU,1600824645
66,hami,42.8,93.45,70.18,33,0,5.84,CN,1600824645
67,butaritari,3.07,172.79,82.65,75,2,16.37,KI,1600824645
68,punta arenas,-53.15,-70.92,42.8,81,75,8.05,CL,1600824646
69,upernavik,72.79,-56.15,25.7,87,100,5.03,GL,1600824646
70,hasaki,35.73,140.83,75.2,83,75,8.05,JP,1600824646
71,vaini,-21.2,-175.2,77.0,78,20,12.75,TO,1600824647
72,mar del plata,-38.0,-57.56,54.0,71,100,9.17,AR,1600824647
73,la asuncion,11.03,-63.86,81.75,87,100,12.68,VE,1600824647
74,kapaa,22.08,-159.32,84.2,70,20,14.99,US,1600824648
75,berlevag,70.86,29.09,45.18,85,100,5.3,NO,1600824648
76,mareeba,-17.0,145.43,84.99,69,75,10.29,AU,1600824648
77,tucuma,-0.18,-50.05,78.75,81,13,8.72,BR,1600824648
78,new norfolk,-42.78,147.06,57.0,64,72,1.99,AU,1600824648
79,jishou,28.32,109.72,63.36,89,100,1.21,CN,1600824649
80,dhidhdhoo,6.88,73.1,82.31,77,100,15.57,MV,1600824649
81,ushuaia,-54.8,-68.3,42.8,85,40,4.88,AR,1600824649
83,east london,-33.02,27.91,60.62,54,0,3.87,ZA,1600824650
84,ulladulla,-35.35,150.47,66.99,29,0,19.46,AU,1600824546
85,severo-kurilsk,50.68,156.12,51.35,69,0,10.47,RU,1600824650
86,spornoye,50.84,37.29,53.6,58,16,4.47,RU,1600824650
87,bengkulu,-3.8,102.27,83.35,67,17,5.23,ID,1600824650
88,sao joao da barra,-21.64,-41.05,68.07,89,100,29.48,BR,1600824651
89,coquimbo,-29.95,-71.34,53.6,93,40,4.7,CL,1600824651
90,san carlos de bariloche,-41.15,-71.31,41.0,65,0,10.29,AR,1600824651
91,badnawar,23.02,75.22,75.2,94,75,7.07,IN,1600824651
92,chuy,-33.7,-53.46,49.21,83,100,8.81,UY,1600824610
93,touros,-5.2,-35.46,75.2,83,20,4.7,BR,1600824651
94,ati,13.22,18.34,83.46,50,98,7.23,TD,1600824651
95,miraflores,19.22,-98.81,71.6,43,75,10.29,MX,1600824652
96,hithadhoo,-0.6,73.08,81.73,67,97,5.79,MV,1600824652
97,ponta do sol,32.67,-17.1,75.2,73,20,4.7,PT,1600824652
98,avera,33.19,-82.53,64.4,88,1,2.91,US,1600824594
99,vardo,70.37,31.11,45.63,79,94,11.18,NO,1600824652
100,esperance,-33.87,121.9,59.0,77,90,3.36,AU,1600824653
101,saldanha,-33.01,17.94,48.2,81,0,4.7,ZA,1600824653
102,norman wells,65.28,-126.83,62.6,33,75,3.36,CA,1600824653
103,pahrump,36.21,-115.98,93.99,14,0,3.0,US,1600824526
104,zheleznodorozhnyy,55.75,38.0,54.0,87,0,4.47,RU,1600824653
105,thinadhoo,0.53,72.93,82.49,67,95,7.83,MV,1600824653
106,surin,14.88,103.49,80.6,88,40,3.36,TH,1600824654
107,russell,32.35,-85.2,69.8,68,90,4.7,US,1600824654
108,noumea,-22.28,166.46,82.4,45,20,12.75,NC,1600824654
109,avarua,-21.21,-159.78,80.6,78,95,12.75,CK,1600824654
110,jamestown,42.1,-79.24,53.6,81,1,8.05,US,1600824654
111,keetmanshoop,-26.58,18.13,60.46,23,0,13.62,NA,1600824654
112,los llanos de aridane,28.66,-17.92,73.4,94,100,2.24,ES,1600824655
113,constitucion,-35.33,-72.42,54.0,78,100,7.85,CL,1600824651
114,vanavara,60.34,102.28,46.92,75,100,4.68,RU,1600824655
115,stanger,-29.33,31.29,51.8,87,0,4.7,ZA,1600824656
116,vila franca do campo,37.72,-25.43,66.2,77,20,4.7,PT,1600824656
117,hay river,60.82,-115.8,59.0,44,20,8.05,CA,1600824656
118,sabang,5.89,95.32,83.03,72,100,2.95,ID,1600824656
119,camacha,33.08,-16.33,73.4,83,40,1.12,PT,1600824656
120,kaitangata,-46.28,169.85,57.4,79,52,5.46,NZ,1600824657
121,krnov,50.09,17.7,57.99,88,15,5.79,CZ,1600824657
122,kloulklubed,7.04,134.26,86.0,70,75,8.05,PW,1600824657
123,padang,-0.95,100.35,85.71,61,45,0.6,ID,1600824657
124,srandakan,-7.94,110.25,82.51,70,50,8.68,ID,1600824658
126,hit,33.64,42.83,79.5,31,0,9.17,IQ,1600824658
127,coahuayana,18.73,-103.68,80.6,84,100,1.39,MX,1600824658
128,kuusamo,65.97,29.18,35.6,74,100,1.12,FI,1600824658
129,maraa,-1.83,-65.37,71.47,99,100,1.3,BR,1600824659
130,lebu,-37.62,-73.65,48.0,85,23,16.73,CL,1600824659
131,khatanga,71.97,102.5,49.46,61,28,17.96,RU,1600824659
132,lavrentiya,65.58,-171.0,40.5,84,99,6.58,RU,1600824659
133,perelyub,51.87,50.37,52.59,86,86,12.21,RU,1600824659
134,luderitz,-26.65,15.16,64.76,29,0,1.3,NA,1600824660
135,meulaboh,4.14,96.13,80.89,81,63,2.21,ID,1600824660
136,guerrero negro,27.98,-114.06,76.93,60,0,14.09,MX,1600824660
138,eyl,7.98,49.82,77.9,70,96,11.54,SO,1600824661
139,itarema,-2.92,-39.92,77.34,80,0,17.34,BR,1600824661
140,roura,4.73,-52.33,78.8,83,14,4.68,GF,1600824661
141,wewak,-3.55,143.63,84.87,66,98,6.51,PG,1600824662
142,hilo,19.73,-155.09,84.2,62,20,8.05,US,1600824615
143,qaqortoq,60.72,-46.03,32.0,83,5,17.22,GL,1600824611
144,port blair,11.67,92.75,83.95,76,100,6.93,IN,1600824662
145,bandarbeyla,9.49,50.81,78.33,69,21,23.09,SO,1600824662
146,tasiilaq,65.61,-37.64,28.4,79,100,5.82,GL,1600824663
147,lalmohan,22.34,90.74,82.72,85,100,14.23,BD,1600824663
148,langarud,37.2,50.15,69.8,94,90,2.24,IR,1600824663
149,havre-saint-pierre,50.23,-63.6,44.6,87,90,8.05,CA,1600824663
150,necochea,-38.55,-58.74,54.0,73,97,8.01,AR,1600824664
151,qandala,11.47,49.87,88.18,58,98,3.58,SO,1600824664
152,carnarvon,-24.87,113.63,80.6,10,0,18.34,AU,1600824664
153,kuandian,40.73,124.78,66.18,64,100,1.66,CN,1600824664
154,madang,-5.22,145.8,85.91,66,96,5.88,PG,1600824664
155,puerto ayora,-0.74,-90.35,68.0,84,54,5.01,EC,1600824624
156,ambilobe,-13.2,49.05,68.65,76,73,4.92,MG,1600824665
157,sorong,-0.88,131.25,84.02,69,9,3.24,ID,1600824665
158,belmonte,-15.86,-38.88,77.0,78,75,4.7,BR,1600824665
159,camiri,-20.05,-63.52,62.38,47,0,1.92,BO,1600824665
160,chokurdakh,70.63,147.92,46.9,72,61,8.93,RU,1600824666
161,katsuura,35.13,140.3,71.01,90,100,1.99,JP,1600824666
162,serik,36.92,31.1,73.4,83,0,5.82,TR,1600824666
163,kyaikto,17.3,97.02,80.55,87,100,4.36,MM,1600824666
164,pangai,-19.8,-174.35,71.6,94,90,5.82,TO,1600824666
165,bloomfield,40.81,-74.19,68.0,39,1,3.36,US,1600824666
166,moen,69.13,18.61,35.6,77,100,14.99,NO,1600824667
167,novyy urengoy,66.08,76.63,39.02,87,99,13.78,RU,1600824667
168,faanui,-16.48,-151.75,78.12,80,36,17.16,PF,1600824667
169,chimore,-16.98,-65.13,69.24,50,0,3.0,BO,1600824667
170,poya,-21.35,165.15,79.5,49,0,6.38,NC,1600824667
171,gusau,12.16,6.66,75.0,75,12,7.07,NG,1600824667
172,lao cai,22.48,103.95,80.19,83,100,1.86,VN,1600824668
173,geraldton,-28.77,114.6,71.6,30,0,13.87,AU,1600824668
174,guanica,17.97,-66.91,82.0,84,80,5.17,PR,1600824668
175,gayny,60.31,54.32,39.58,87,51,11.18,RU,1600824668
176,saskylakh,71.92,114.08,48.63,60,5,18.92,RU,1600824668
177,hoima,1.44,31.34,63.19,94,37,3.27,UG,1600824669
178,abonnema,4.71,6.79,75.07,94,100,3.38,NG,1600824669
179,neryungri,56.67,124.65,55.51,53,0,2.95,RU,1600824669
180,laguna,38.42,-121.42,86.0,25,1,10.29,US,1600824670
181,aksarka,66.56,67.8,34.92,92,99,11.23,RU,1600824670
182,kamina,-8.74,24.99,68.09,69,0,0.89,CD,1600824670
183,victoria,22.29,114.16,87.8,62,20,13.87,HK,1600824607
184,atocha,-20.93,-66.23,48.06,45,0,2.82,BO,1600824670
185,olafsvik,64.89,-23.71,39.78,77,98,27.78,IS,1600824671
186,solnechnyy,50.72,136.63,58.62,56,78,3.11,RU,1600824671
187,san cristobal,7.77,-72.22,67.73,81,99,2.04,VE,1600824671
188,palmer,42.16,-72.33,57.2,41,20,11.41,US,1600824671
189,tilichiki,60.47,166.1,45.07,57,0,3.94,RU,1600824671
190,bara,10.37,10.73,73.36,91,1,5.82,NG,1600824672
191,flinders,-34.58,150.86,70.0,41,0,15.01,AU,1600824672
192,narsaq,60.92,-46.05,32.0,80,5,17.22,GL,1600824673
193,dukat,62.55,155.55,37.69,68,13,6.98,RU,1600824673
194,mahon,39.89,4.27,73.4,78,76,11.41,ES,1600824673
195,ponta delgada,37.73,-25.67,66.2,77,20,4.7,PT,1600824673
196,ostrovnoy,68.05,39.51,41.07,84,67,6.78,RU,1600824673
197,cockburn town,21.46,-71.14,81.95,81,100,12.28,TC,1600824441
198,forest,37.36,-79.29,57.99,76,1,3.36,US,1600824674
199,iqaluit,63.75,-68.51,35.6,64,90,21.92,CA,1600824674
200,sabzevar,36.21,57.68,56.1,48,0,7.7,IR,1600824674
201,kodiak,57.79,-152.41,50.0,81,90,18.34,US,1600824462
202,port elizabeth,-33.92,25.57,44.6,81,0,4.7,ZA,1600824380
203,algeciras,36.13,-5.45,71.6,73,100,14.99,ES,1600824674
204,puerto leguizamo,-0.19,-74.78,73.22,93,34,1.72,CO,1600824675
205,lahat,-3.8,103.53,85.96,59,18,2.33,ID,1600824675
206,lubango,-14.92,13.49,62.73,52,66,4.27,AO,1600824675
207,san jose,37.34,-121.89,75.0,46,20,19.46,US,1600824540
208,pevek,69.7,170.31,39.13,95,100,17.83,RU,1600824675
209,bang saphan,11.21,99.51,82.4,88,20,3.36,TH,1600824675
210,monrovia,6.3,-10.8,76.66,89,100,8.23,LR,1600824487
211,vereeniging,-26.67,27.93,48.0,90,0,6.49,ZA,1600824676
212,savinka,50.08,47.1,54.05,72,49,9.91,RU,1600824676
213,ancud,-41.87,-73.82,48.0,94,0,4.0,CL,1600824676
214,houma,29.6,-90.72,77.0,94,90,9.17,US,1600824647
216,pringsewu,-5.36,104.97,85.8,65,91,2.26,ID,1600824677
217,atar,20.52,-13.05,92.26,32,0,2.44,MR,1600824504
218,sao filipe,14.9,-24.5,80.11,81,2,2.21,CV,1600824677
219,tuatapere,-46.13,167.68,59.0,75,73,5.01,NZ,1600824678
220,luena,-11.78,19.92,64.4,69,0,4.74,AO,1600824678
221,opole,50.5,18.0,59.0,78,1,5.99,PL,1600824678
222,mandera,3.94,41.87,77.59,68,95,12.93,KE,1600824679
223,bethel,41.37,-73.41,57.99,66,1,8.88,US,1600824667
224,caravelas,-17.71,-39.25,73.0,89,29,5.68,BR,1600824679
225,bambous virieux,-20.34,57.76,66.0,82,20,3.36,MU,1600824679
226,rosetta,31.4,30.42,84.2,62,40,5.82,EG,1600824679
227,dingle,11.0,122.67,85.57,73,1,5.12,PH,1600824680
228,caraballeda,10.61,-66.85,80.6,83,20,5.53,VE,1600824680
229,port hardy,50.7,-127.42,59.0,77,90,16.11,CA,1600824680
230,toktogul,41.87,72.94,60.08,51,3,0.94,KG,1600824680
231,nanortalik,60.14,-45.24,36.97,75,0,11.7,GL,1600824680
232,vestmanna,62.16,-7.17,39.2,93,77,2.24,FO,1600824681
233,haines junction,60.75,-137.51,48.76,63,100,3.29,CA,1600824681
234,cimitarra,6.31,-73.95,76.44,73,49,2.26,CO,1600824682
235,mundybash,53.21,87.3,46.83,95,100,5.46,RU,1600824682
236,abha,18.22,42.51,66.2,16,68,11.86,SA,1600824682
237,verkhoyansk,67.54,133.38,50.81,47,1,2.39,RU,1600824683
238,pangnirtung,66.15,-65.71,33.82,77,100,6.02,CA,1600824683
239,faya,18.39,42.45,66.2,16,56,7.67,SA,1600824683
240,deputatskiy,69.3,139.9,44.24,65,14,8.05,RU,1600824683
241,callaguip,18.07,120.49,80.6,88,75,3.36,PH,1600824683
242,san martin,-33.08,-68.47,66.2,32,14,3.36,AR,1600824684
243,arraial do cabo,-22.97,-42.03,68.16,85,100,18.19,BR,1600824684
245,pitea,65.32,21.48,46.4,81,100,6.93,SE,1600824684
246,rafraf,37.19,10.18,75.2,83,40,4.7,TN,1600824685
247,fairbanks,64.84,-147.72,55.4,47,1,2.57,US,1600824667
248,mayskiy,47.69,40.1,44.6,45,62,3.56,RU,1600824685
249,hirara,24.8,125.28,86.0,74,40,10.29,JP,1600824685
250,karasjok,69.47,25.51,37.4,74,97,23.04,NO,1600824685
251,praia da vitoria,38.73,-27.07,66.99,93,90,20.2,PT,1600824685
252,kirkwood,38.58,-90.41,70.0,52,75,5.82,US,1600824396
253,atambua,-9.11,124.89,86.92,44,5,3.33,ID,1600824685
254,makakilo city,21.35,-158.09,89.6,43,75,9.17,US,1600824686
255,yekaterinoslavka,50.37,129.11,52.86,82,95,11.27,RU,1600824686
256,alofi,-19.06,-169.92,71.6,94,75,13.87,NU,1600824686
257,fortuna,40.6,-124.16,66.0,82,1,6.93,US,1600824686
258,mahibadhoo,3.78,72.97,80.92,79,100,11.5,MV,1600824687
259,jiangyou,31.77,104.72,67.78,77,81,3.83,CN,1600824687
260,hurghada,27.26,33.81,84.2,42,0,9.17,EG,1600824687
261,mount gambier,-37.83,140.77,51.8,76,90,17.22,AU,1600824444
262,beloha,-25.17,45.05,60.91,67,40,10.42,MG,1600824688
263,oriximina,-1.77,-55.87,82.51,66,21,4.68,BR,1600824688
264,muli,2.92,73.57,79.86,83,100,6.17,MV,1600824688
265,prince rupert,54.32,-130.32,59.0,58,90,9.17,CA,1600824609
266,batemans bay,-35.72,150.18,68.0,58,0,7.0,AU,1600824688
267,sri aman,1.24,111.46,78.8,88,20,3.36,MY,1600824688
268,viedma,-40.81,-63.0,46.0,62,90,7.49,AR,1600824688
269,ylivieska,64.08,24.55,46.99,89,100,1.01,FI,1600824689
270,uyuni,-20.46,-66.83,46.0,41,0,5.08,BO,1600824689
271,ambon,-3.7,128.18,84.2,79,40,3.36,ID,1600824689
272,rio grande,-32.03,-52.1,53.82,74,7,12.77,BR,1600824476
273,brigham city,41.51,-112.02,80.6,18,1,3.36,US,1600824689
274,kamaishi,39.27,141.88,71.6,68,75,6.93,JP,1600824689
275,isangel,-19.55,169.27,80.6,61,75,11.41,VU,1600824690
276,dikson,73.51,80.55,41.49,87,100,14.18,RU,1600824690
277,kurush,41.28,47.83,64.4,82,90,2.24,RU,1600824690
278,conde,-7.26,-34.91,73.4,94,20,4.7,BR,1600824690
279,kichera,55.94,110.1,51.04,55,0,3.11,RU,1600824690
280,ordzhonikidze,52.44,61.74,50.65,78,100,23.62,KZ,1600824690
282,yatou,37.15,122.38,70.48,60,99,7.0,CN,1600824691
283,asfi,32.3,-9.24,71.58,69,98,15.99,MA,1600824691
284,kalmunai,7.42,81.82,83.62,66,64,1.12,LK,1600824691
285,kemin,42.78,75.69,45.63,58,5,1.43,KG,1600824545
286,half moon bay,37.46,-122.43,73.99,82,1,11.41,US,1600824670
287,kahului,20.89,-156.47,89.6,49,40,24.16,US,1600824691
288,ntcheu,-14.82,34.64,57.87,88,25,6.42,MW,1600824692
289,namatanai,-3.67,152.43,85.21,66,94,4.94,PG,1600824692
290,qinhuangdao,39.93,119.59,70.57,52,100,7.11,CN,1600824692
291,lompoc,34.64,-120.46,66.99,72,1,9.17,US,1600824692
292,nabire,-3.37,135.48,80.82,77,100,4.29,ID,1600824692
293,sur,22.57,59.53,81.7,40,76,1.66,OM,1600824693
294,vila velha,-20.33,-40.29,80.01,94,75,11.41,BR,1600824693
295,saint anthony,45.02,-93.22,73.0,68,1,5.82,US,1600824693
296,shurugwi,-19.67,30.01,52.72,90,95,10.98,ZW,1600824693
297,chernyshevskiy,63.01,112.47,48.33,72,0,7.38,RU,1600824693
298,jibuti,11.5,42.5,87.8,70,1,3.36,DJ,1600824693
299,sao domingos do prata,-19.86,-42.97,63.52,92,99,5.28,BR,1600824694
300,beringovskiy,63.05,179.32,45.52,58,43,3.94,RU,1600824694
301,awjilah,29.11,21.29,69.28,58,0,7.16,LY,1600824694
302,tatawin,32.93,10.45,86.0,25,96,5.79,TN,1600824694
303,barabash,43.2,131.48,64.4,72,40,4.47,RU,1600824695
304,trairi,-3.28,-39.27,77.31,80,15,12.86,BR,1600824431
305,srednekolymsk,67.45,153.68,43.7,80,93,1.95,RU,1600824695
306,ouricuri,-7.88,-40.08,78.78,58,55,9.42,BR,1600824695
307,montgomery,39.15,-77.2,55.99,81,1,8.43,US,1600824695
308,teeli,51.03,90.23,51.94,60,100,1.23,RU,1600824695
309,eidsvag,62.78,8.07,50.0,87,17,14.99,NO,1600824696
310,zavitinsk,50.12,129.45,53.17,81,100,10.42,RU,1600824696
311,stornoway,58.21,-6.39,43.0,93,30,4.7,GB,1600824696
313,waterloo,43.47,-80.52,61.0,72,1,9.17,CA,1600824476
314,nova vicosa,-17.89,-39.37,74.28,85,89,9.01,BR,1600824485
315,yaan,7.38,8.57,73.92,92,100,7.58,NG,1600824696
316,nevers,46.92,3.33,59.0,87,53,4.7,FR,1600824697
317,creel,27.75,-107.63,58.89,72,100,6.33,MX,1600824697
318,san felipe,10.34,-68.74,74.73,86,58,2.86,VE,1600824697
319,hoquiam,46.98,-123.89,63.0,72,1,4.7,US,1600824697
320,tawau,4.25,117.89,84.2,74,20,3.36,MY,1600824445
321,airai,-8.93,125.41,77.95,44,14,5.5,TL,1600824697
322,rochegda,62.8,43.25,41.22,77,99,8.86,RU,1600824698
323,la ronge,55.1,-105.28,50.0,61,40,5.82,CA,1600824698
324,magadan,59.57,150.8,46.0,55,0,4.85,RU,1600824698
325,baiyin,36.56,104.21,50.0,87,21,2.24,CN,1600824698
326,marsaxlokk,35.84,14.54,78.01,94,20,8.05,MT,1600824698
327,tura,25.52,90.22,75.87,97,96,5.77,IN,1600824699
328,diego de almagro,-26.37,-70.05,57.51,37,1,1.99,CL,1600824699
329,broken hill,-31.95,141.43,59.0,44,40,21.92,AU,1600824699
330,rotenburg,53.12,9.4,53.01,66,0,4.52,DE,1600824699
331,viransehir,37.24,39.76,73.11,31,0,3.4,TR,1600824699
332,yueyang,29.33,113.09,65.5,91,100,7.92,CN,1600824700
333,la orilla,17.98,-102.23,79.95,87,18,7.25,MX,1600824700
334,anadyr,64.75,177.48,46.4,65,37,11.18,RU,1600824700
335,lashio,22.93,97.75,72.16,95,100,0.56,MM,1600824700
336,channel-port aux basques,47.57,-59.14,56.12,91,98,41.16,CA,1600824701
337,umea,63.83,20.26,48.2,81,90,8.05,SE,1600824701
338,davenport,41.52,-90.58,69.01,77,1,5.68,US,1600824441
339,rundu,-17.93,19.77,67.24,27,0,6.49,NA,1600824701
340,huarmey,-10.07,-78.15,61.57,84,9,5.68,PE,1600824701
341,praya,14.92,-23.51,78.8,94,20,6.93,CV,1600824702
342,elizabethtown,37.69,-85.86,60.01,87,1,4.09,US,1600824702
343,zhangjiakou,40.81,114.88,55.63,76,100,7.16,CN,1600824702
344,redlands,34.06,-117.18,91.4,21,5,12.75,US,1600824703
345,vao,-22.67,167.48,70.47,78,1,11.36,NC,1600824703
346,henties bay,-22.12,14.28,55.0,92,25,2.37,NA,1600824703
347,ternate,0.8,127.4,85.28,67,68,2.91,ID,1600824703
348,yurkivka,49.01,31.1,51.44,44,0,4.32,UA,1600824704
349,juneau,58.3,-134.42,53.6,71,90,13.87,US,1600824694
350,port lincoln,-34.73,135.87,56.21,69,46,15.14,AU,1600824704
351,lowestoft,52.48,1.75,61.0,99,9,3.0,GB,1600824579
352,agutaya,11.15,120.94,84.67,71,18,5.35,PH,1600824704
353,santa marta,11.24,-74.2,79.0,87,100,10.78,CO,1600824408
354,biak,-0.91,122.88,82.58,72,94,8.01,ID,1600824705
355,yining,29.04,114.56,64.24,92,100,2.13,CN,1600824705
356,aparecida do taboado,-20.09,-51.09,71.31,61,52,11.52,BR,1600824706
358,buchanan,5.88,-10.05,76.01,89,90,7.14,LR,1600824706
359,byron bay,-28.65,153.62,82.0,47,33,4.7,AU,1600824706
360,lorengau,-2.02,147.27,85.82,69,98,10.22,PG,1600824707
361,kapoeta,4.77,33.59,73.81,81,53,3.27,SS,1600824707
362,halifax,44.65,-63.57,59.0,98,100,7.0,CA,1600824427
363,iquique,-20.22,-70.14,60.8,72,90,3.36,CL,1600824433
364,tazovskiy,67.47,78.7,39.96,84,100,12.1,RU,1600824707
365,coihaique,-45.58,-72.07,42.8,70,20,7.31,CL,1600824708
366,provideniya,64.38,-173.3,46.4,61,74,11.18,RU,1600824708
367,pauini,-7.71,-66.98,77.85,75,6,0.29,BR,1600824709
368,paita,-5.09,-81.11,62.94,85,5,8.34,PE,1600824709
369,nantucket,41.28,-70.1,62.6,39,1,16.11,US,1600824709
370,vestmannaeyjar,63.44,-20.27,40.96,75,100,13.44,IS,1600824709
371,hamilton,39.18,-84.53,62.01,82,1,1.01,US,1600824709
372,makokou,0.57,12.86,69.42,97,100,3.42,GA,1600824710
373,yokadouma,3.52,15.05,69.49,97,100,3.2,CM,1600824710
374,yar-sale,66.83,70.83,36.84,87,21,12.68,RU,1600824710
375,pangody,65.85,74.49,37.24,89,90,13.22,RU,1600824711
376,les cayes,18.2,-73.75,78.76,79,100,3.36,HT,1600824711
377,nauta,-4.51,-73.58,76.33,85,67,3.13,PE,1600824711
378,codrington,-38.27,141.97,51.24,69,100,16.84,AU,1600824711
379,phan thiet,10.93,108.1,84.56,71,60,5.41,VN,1600824711
380,bunbury,-33.33,115.63,64.0,58,0,4.56,AU,1600824712
381,podporozhye,60.91,34.17,41.13,82,45,1.72,RU,1600824712
382,olkhovka,53.21,60.61,52.48,77,100,21.81,RU,1600824712
383,kapuskasing,49.42,-82.43,60.8,82,90,4.7,CA,1600824712
384,townsville,-19.25,146.8,82.99,58,20,11.41,AU,1600824713
385,teya,60.38,92.63,47.25,82,100,2.55,RU,1600824713
386,saiha,22.48,92.97,77.79,84,89,1.61,IN,1600824713
387,bujumbura,-3.38,29.36,72.82,62,33,4.61,BI,1600824714
388,mastung,29.8,66.84,59.47,30,0,2.57,PK,1600824680
389,yulara,-25.24,130.99,69.8,26,0,17.22,AU,1600824714
390,victoria point,-27.58,153.3,82.99,67,84,4.0,AU,1600824714
391,gombe,10.29,11.17,73.78,88,0,7.38,NG,1600824714
392,port-gentil,-0.72,8.78,75.81,86,100,12.88,GA,1600824714
393,pisco,-13.7,-76.22,62.01,87,0,9.17,PE,1600824715
394,carora,10.18,-70.08,80.51,64,52,6.13,VE,1600824715
395,suleja,9.18,7.18,75.2,94,95,2.24,NG,1600824715
396,fonseca,10.89,-72.85,76.24,88,95,1.95,CO,1600824715
397,asau,46.43,26.4,52.0,83,8,3.33,RO,1600824715
398,mincivan,39.03,46.72,65.52,76,79,1.16,AZ,1600824715
399,assiniboia,49.63,-105.98,66.09,42,100,9.93,CA,1600824418
400,dicabisagan,17.08,122.42,87.13,65,81,6.2,PH,1600824716
401,aquidauana,-20.47,-55.79,73.35,72,29,7.63,BR,1600824716
402,mariana,-20.38,-43.42,62.6,90,100,5.73,BR,1600824578
403,salalah,17.02,54.09,78.8,94,75,8.05,OM,1600824716
404,upington,-28.45,21.26,53.6,14,0,8.05,ZA,1600824717
405,labuhan,-6.88,112.21,86.31,63,94,4.09,ID,1600824717
406,khandbari,27.37,87.2,71.28,79,100,1.63,NP,1600824717
407,puerto madryn,-42.77,-65.04,57.58,36,0,8.66,AR,1600824650
408,evensk,61.95,159.23,46.49,51,0,3.15,RU,1600824717
409,thyboron,56.7,8.21,57.99,33,1,15.86,DK,1600824718
410,chapais,49.78,-74.85,57.2,71,90,2.24,CA,1600824718
411,tautira,-17.73,-149.15,84.2,62,40,4.7,PF,1600824718
412,luau,-10.71,22.22,70.68,57,98,4.92,AO,1600824718
413,bainbridge,47.63,-122.52,70.0,46,90,4.7,US,1600824719
414,pitimbu,-7.47,-34.81,73.4,94,20,4.7,BR,1600824719
416,makasar,-5.14,119.42,87.8,70,20,4.7,ID,1600824720
417,farmington,36.73,-108.22,78.8,19,1,9.17,US,1600824531
418,qasigiannguit,68.82,-51.19,24.8,73,0,3.47,GL,1600824720
419,cap-aux-meules,47.38,-61.86,51.8,93,90,31.09,CA,1600824720
420,garowe,8.41,48.48,78.01,55,99,18.34,SO,1600824720
421,carballo,43.21,-8.69,66.2,88,40,12.75,ES,1600824721
422,zamora,-4.07,-78.96,67.57,73,99,0.43,EC,1600824721
423,yartsevo,55.07,32.7,49.69,95,0,4.34,RU,1600824722
424,salmas,38.2,44.77,62.6,63,0,9.17,IR,1600824722
425,burnie,-41.07,145.92,54.0,62,84,11.01,AU,1600824722
426,aykhal,66.0,111.5,46.4,73,0,6.71,RU,1600824722
427,sorland,67.67,12.69,44.67,73,100,22.15,NO,1600824722
428,mindif,10.4,14.44,74.28,82,100,8.23,CM,1600824723
429,chernogorsk,53.82,91.28,46.4,93,83,2.24,RU,1600824723
430,naro moru,-0.17,37.02,55.87,83,96,11.1,KE,1600824723
431,constantine,36.37,6.61,64.4,93,88,1.12,DZ,1600824723
432,pochutla,15.74,-96.47,82.0,83,0,3.76,MX,1600824724
433,teopisca,16.52,-92.48,78.8,74,75,12.75,MX,1600824724
434,kasangulu,-4.59,15.17,78.8,69,40,6.71,CD,1600824724
435,flin flon,54.77,-101.86,48.61,74,14,4.65,CA,1600824725
436,sinnamary,5.38,-52.95,79.36,84,0,14.81,GF,1600824725
437,san quintin,30.48,-115.95,72.95,67,0,13.42,MX,1600824725
438,severnyy,50.68,36.55,53.6,58,65,4.47,RU,1600824725
439,lithakia,37.72,20.83,68.0,88,0,4.7,GR,1600824725
440,ucluelet,48.93,-125.55,59.0,93,90,16.11,CA,1600824726
441,shaoxing,30.01,120.57,68.0,82,75,6.71,CN,1600824726
442,yumen,40.28,97.2,64.35,27,0,5.14,CN,1600824726
443,rota,36.62,-6.36,69.8,88,100,8.05,ES,1600824510
444,khuzhir,53.19,107.34,49.78,69,3,7.02,RU,1600824726
445,samarai,-10.62,150.67,79.25,81,99,14.99,PG,1600824727
446,la macarena,2.18,-73.78,76.14,81,10,2.33,CO,1600824727
447,grindavik,63.84,-22.43,37.4,86,40,8.05,IS,1600824727
448,hemsedal,60.86,8.55,46.99,88,97,1.99,NO,1600824727
449,mantua,45.17,10.78,64.0,96,100,1.54,IT,1600824728
450,aras,42.56,-2.36,57.2,76,4,2.44,ES,1600824728
451,axim,4.87,-2.24,75.06,88,100,10.25,GH,1600824728
452,fortuna foothills,32.66,-114.41,100.4,13,1,3.36,US,1600824728
453,maceio,-9.67,-35.74,71.6,94,20,4.7,BR,1600824728
454,saryg-sep,51.5,95.6,54.46,55,100,3.29,RU,1600824729
455,bilma,18.69,12.92,85.5,20,0,9.66,NE,1600824729
456,port macquarie,-31.43,152.92,78.01,34,0,4.85,AU,1600824481
457,valparaiso,-33.04,-71.63,55.99,87,100,4.7,CL,1600824442
458,karaikkudi,10.07,78.78,81.55,62,0,5.88,IN,1600824729
459,grand falls,47.05,-67.74,53.6,50,1,10.29,CA,1600824729
460,diamantino,-14.41,-56.45,79.48,50,22,6.11,BR,1600824729
461,nador,35.17,-2.93,78.8,36,100,11.41,MA,1600824462
462,dunedin,-45.87,170.5,55.99,75,88,7.0,NZ,1600824730
463,hambantota,6.12,81.12,78.8,88,75,6.93,LK,1600824730
464,pandamatenga,-18.53,25.63,61.84,67,0,12.19,BW,1600824730
465,belyy,55.84,32.94,49.03,95,0,3.83,RU,1600824730
466,quatre cocos,-20.21,57.76,66.0,82,20,3.36,MU,1600824731
467,honningsvag,70.98,25.97,47.34,75,87,23.98,NO,1600824731
468,along,28.17,94.77,73.31,90,100,0.72,IN,1600824731
469,honiara,-9.43,159.95,89.6,66,40,11.41,SB,1600824731
471,port augusta,-32.5,137.77,60.8,48,0,16.11,AU,1600824731
472,ko samui,9.54,99.94,86.0,74,20,5.82,TH,1600824732
473,ongandjera,-17.88,15.07,66.51,28,71,6.78,NA,1600824732
474,vagamo,61.88,9.1,44.71,75,71,4.99,NO,1600824732
475,clyde river,70.47,-68.59,19.4,85,1,5.82,CA,1600824732
476,elko,41.0,-115.5,75.99,16,0,1.99,US,1600824733
477,marang,5.21,103.21,82.4,83,40,3.36,MY,1600824733
478,wangqing,43.32,129.76,59.14,80,98,2.19,CN,1600824733
479,karatau,43.17,70.47,50.25,46,28,2.24,KZ,1600824733
480,clonakilty,51.62,-8.87,52.0,93,20,9.17,IE,1600824734
481,tevaitoa,-16.78,-151.5,79.0,80,2,18.03,PF,1600824734
482,skibbereen,51.55,-9.27,48.2,93,20,9.17,IE,1600824734
483,icod de los vinos,28.37,-16.71,73.99,52,100,1.99,ES,1600824734
484,luganville,-15.53,167.17,80.6,69,75,8.05,VU,1600824735
485,goryachegorsk,55.41,88.92,46.8,77,100,5.32,RU,1600824735
486,kinablangan,7.69,126.55,85.51,69,100,1.59,PH,1600824735
487,poum,-20.23,164.02,72.64,70,1,3.36,NC,1600824735
488,urumqi,43.8,87.6,62.6,33,88,6.71,CN,1600824736
489,keti bandar,24.14,67.45,83.23,79,0,11.05,PK,1600824736
490,kysyl-syr,63.9,122.76,53.51,54,0,2.86,RU,1600824736
491,capim grosso,-11.38,-40.01,70.93,82,0,10.11,BR,1600824737
492,andenes,69.31,16.12,37.4,86,100,10.29,NO,1600824737
493,lichuan,30.3,108.85,59.99,89,100,1.52,CN,1600824737
494,deep river,46.1,-77.5,57.2,76,1,2.24,CA,1600824737
495,mundo nuevo,18.7,-95.5,79.7,68,0,8.28,MX,1600824737
496,ust-kulom,61.69,53.69,40.19,85,98,11.59,RU,1600824738
497,ahipara,-35.17,173.17,63.63,70,26,13.53,NZ,1600824738
498,dwarka,22.24,68.97,82.89,84,41,14.88,IN,1600824738
499,bonaventure,48.05,-65.49,48.2,93,90,8.05,CA,1600824738
500,aswan,24.09,32.91,85.77,24,0,13.02,EG,1600824738
501,gimli,50.63,-96.99,73.99,75,42,10.18,CA,1600824739
502,edd,13.93,41.69,86.38,58,100,4.32,ER,1600824739
503,souillac,-20.52,57.52,64.4,82,20,3.36,MU,1600824739
504,saint-leu,-21.15,55.28,66.2,52,19,8.05,RE,1600824739
505,shache,38.42,77.24,63.16,26,40,4.29,CN,1600824740
506,waingapu,-9.66,120.26,88.2,48,36,12.37,ID,1600824740
507,sioux lookout,50.1,-91.92,55.4,82,20,3.36,CA,1600824740
508,frogner,60.02,11.1,57.2,82,75,13.87,NO,1600824740
509,stokmarknes,68.56,14.91,43.0,81,100,3.0,NO,1600824741
510,marienburg,54.04,19.03,61.0,67,0,4.7,PL,1600824741
511,chumikan,54.72,135.31,58.17,60,66,5.5,RU,1600824741
512,katherine,-14.47,132.27,91.4,43,0,11.41,AU,1600824741
513,ndele,8.41,20.65,71.67,93,100,2.91,CF,1600824742
514,balaka,-14.98,34.96,63.61,81,51,8.68,MW,1600824742
515,majholi,23.5,79.92,76.03,94,100,3.02,IN,1600824742
516,sunrise manor,36.21,-115.07,98.6,12,1,9.17,US,1600824742
517,tieling,42.29,123.84,65.35,63,100,2.08,CN,1600824742
518,ourossogui,15.61,-13.32,84.2,79,0,2.24,SN,1600824743
519,urengoy,65.97,78.37,40.01,84,100,14.5,RU,1600824743
520,samur,41.83,48.49,63.79,80,43,3.69,RU,1600824743
521,surt,31.21,16.59,76.48,53,0,15.37,LY,1600824743
522,bajos de haina,18.42,-70.03,84.99,80,100,1.01,DO,1600824743
523,laramie,41.31,-105.59,64.4,25,75,4.7,US,1600824744
524,craig,40.52,-107.55,68.0,34,75,5.82,US,1600824744
525,chilliwack,49.17,-121.94,66.0,92,75,2.37,CA,1600824452
526,kasongo-lunda,-6.47,16.82,71.78,85,44,1.88,CD,1600824744
527,sola,-13.88,167.55,82.4,74,90,6.93,VU,1600824745
528,darhan,49.49,105.92,48.6,52,1,4.94,MN,1600824745
529,de-kastri,51.47,140.78,59.61,47,0,5.19,RU,1600824745
530,roma,43.21,-75.46,52.0,81,1,3.36,US,1600824683
531,olinda,-8.01,-34.86,78.8,74,75,10.29,BR,1600824534
532,kihei,20.79,-156.47,89.6,49,40,24.16,US,1600824498
533,ranong,9.97,98.63,82.4,94,20,1.41,TH,1600824745
534,zabol,32.25,67.25,51.53,39,0,2.21,AF,1600824746
535,wenling,28.37,121.36,73.99,76,100,7.29,CN,1600824746
536,gondanglegi,-7.75,112.01,88.0,56,80,13.2,ID,1600824746
537,port hedland,-20.32,118.57,87.8,6,0,25.28,AU,1600824746
538,aktash,50.3,87.73,38.19,82,100,9.06,RU,1600824747
539,whyalla,-33.03,137.58,60.8,48,15,16.11,AU,1600824620
540,husavik,66.04,-17.34,33.8,90,90,8.05,IS,1600824747
541,yambio,4.57,28.4,67.93,97,31,2.59,SS,1600824747
542,gat,31.61,34.76,77.0,77,0,2.75,IL,1600824600
543,mattru,7.62,-11.83,73.9,97,71,2.84,SL,1600824748
545,son la,21.32,103.9,78.06,81,89,0.36,VN,1600824748
547,chivilcoy,-34.9,-60.02,57.99,44,73,3.0,AR,1600824748
548,coffeyville,37.04,-95.62,68.0,88,90,5.82,US,1600824486
549,andros,37.83,24.93,68.0,72,0,8.05,GR,1600824749
550,alice springs,-23.7,133.88,69.8,26,1,17.22,AU,1600824749
551,pontian kecil,1.48,103.39,80.01,94,20,1.12,MY,1600824749
552,abong mbang,3.98,13.18,67.75,98,100,3.94,CM,1600824749
553,krasnoselkup,65.7,82.47,42.1,81,100,15.7,RU,1600824749
554,eustis,28.85,-81.69,73.4,73,1,6.93,US,1600824750
555,champerico,14.3,-91.92,84.2,74,75,9.17,GT,1600824750
556,mitu,1.2,-70.17,73.31,97,92,3.74,CO,1600824750
557,ewa beach,21.32,-158.01,89.6,43,75,9.17,US,1600824750
558,turbat,26.0,63.04,82.54,17,0,19.73,PK,1600824750
559,cidreira,-30.18,-50.21,58.93,76,0,19.1,BR,1600824751
560,acarau,-2.89,-40.12,77.43,80,0,17.29,BR,1600824568
561,polyarnyy,69.2,33.45,39.2,84,75,6.71,RU,1600824751
562,finote selam,10.7,37.27,54.75,90,4,3.36,ET,1600824751
563,siderno,38.28,16.3,75.2,78,75,5.82,IT,1600824751
564,arkhangelsk,64.54,40.54,48.2,66,75,11.18,RU,1600824752
565,linhai,28.85,121.12,72.0,88,100,3.2,CN,1600824752
